Objective Value,Runtime (s)
12346.257307763812,779.163
12466.058426267145,688.443
12554.434960644407,694.984
12704.14218605507,708.776
12589.281403645808,702.968
