Objective Value,Runtime (s)
6659.431532931464,38.283
6659.431532931464,37.003
6659.431532931464,36.878
6659.431532931464,37.288
6663.3435000409245,38.25
