Objective Value,Runtime (s)
136628.29174183504,870.891
136819.4852439012,982.209
136403.44184235827,894.732
